phone,name
+994559931711,
+994514079669,
+994507649660,
+994773110294,
+994515549259,
+994558966083,
+994554835437,
+994105138597,
+994506486822,
+994555142850,
+994997834496,
+994771871209,
+994558112943,
+994705647943,
+994553840927,
+994506328592,
+994707452292,
+994514230215,
+994552906509,
+994557920550,
+994703805523,
+994552274312,
+994506817618,
+994703041410,
+994555600466,
+994775183886,
+994105265234,
+994519442856,
+994513073737,
+994707115443,
+994505551394,
+994505690521,
+994775042612,
+994553779767,
+994554441292,
+994505714003,
+994503400806,
+994519824545,
+994773024377,
+994507495472,
+994514044404,
+994509837835,
+994558723028,
+994775051080,
+994505536365,
+994777534544,
+994552465069,
+994557563457,
+994555195555,
+994555501632,
+994505529639,
+994503303527,
+994558941510,
+994708691165,
+994709652912,
+994103221667,
+994773100313,
+994556427815,
+994508921923,
+994554135699,
+994504000599,
+994513000548,
+994773114067,
+994509622988,
+994518426767,
+994708069201,
+994777532500,
+994502272032,
+994773503331,
+994556811862,
+994773361796,
+994507147825,
+994553829918,
+994507114736,
+994517891332,
+994702599089,
+994998812004,
+994513447048,
+994101114236,
+994559417313,
+994708081608,
+994702400228,
+994703072888,
+994507881757,
+994552866971,
+994513809894,
+994105141905,
